date,headline_inflation,brent_crude,cbk_rate,kes_usd,m3,forex_reserves,m3_pct_change,month,brent_crude_lag1,brent_crude_lag2,brent_crude_lag3,brent_crude_lag4,brent_crude_lag5,brent_crude_lag6,cbk_rate_lag1,cbk_rate_lag2,cbk_rate_lag3,cbk_rate_lag4,cbk_rate_lag5,cbk_rate_lag6,kes_usd_lag1,kes_usd_lag2,kes_usd_lag3,kes_usd_lag4,kes_usd_lag5,kes_usd_lag6,m3_pct_change_lag1,m3_pct_change_lag2,m3_pct_change_lag3,m3_pct_change_lag4,m3_pct_change_lag5,m3_pct_change_lag6,forex_reserves_lag1,forex_reserves_lag2,forex_reserves_lag3,forex_reserves_lag4,forex_reserves_lag5,forex_reserves_lag6
2009-08-01,7.36,72.51,7.75,76.37,984036.0,207948.0,1.0695104778749132,8,64.44,68.61,57.38,50.24,46.54,43.23,8.0,8.0,8.25,8.25,8.5,8.5,76.75,77.85,77.86,79.63,80.26,79.53,2.4608545850044017,2.329841353257156,-0.02368586513699089,2.5116244162959322,0.670643566721596,0.5175357969705141,206386.0,208785.0,204946.0,191659.0,193352.0,195113.0
2009-09-01,6.74,67.64,7.75,75.61,986901.0,209445.0,0.29114788483348697,9,72.51,64.44,68.61,57.38,50.24,46.54,7.75,8.0,8.0,8.25,8.25,8.5,76.37,76.75,77.85,77.86,79.63,80.26,1.0695104778749132,2.4608545850044017,2.329841353257156,-0.02368586513699089,2.5116244162959322,0.670643566721596,207948.0,206386.0,208785.0,204946.0,191659.0,193352.0
2009-10-01,6.62,72.77,7.75,75.24,1006009.0,216608.0,1.9361617831981093,10,67.64,72.51,64.44,68.61,57.38,50.24,7.75,7.75,8.0,8.0,8.25,8.25,75.61,76.37,76.75,77.85,77.86,79.63,0.29114788483348697,1.0695104778749132,2.4608545850044017,2.329841353257156,-0.02368586513699089,2.5116244162959322,209445.0,207948.0,206386.0,208785.0,204946.0,191659.0
2009-11-01,5.0,76.64,7.75,74.74,1022424.0,224259.0,1.6316951438804184,11,72.77,67.64,72.51,64.44,68.61,57.38,7.75,7.75,7.75,8.0,8.0,8.25,75.24,75.61,76.37,76.75,77.85,77.86,1.9361617831981093,0.29114788483348697,1.0695104778749132,2.4608545850044017,2.329841353257156,-0.02368586513699089,216608.0,209445.0,207948.0,206386.0,208785.0,204946.0
2009-12-01,5.32,74.52,7.0,75.43,1045657.0,222774.0,2.2723449371298,12,76.64,72.77,67.64,72.51,64.44,68.61,7.75,7.75,7.75,7.75,8.0,8.0,74.74,75.24,75.61,76.37,76.75,77.85,1.6316951438804184,1.9361617831981093,0.29114788483348697,1.0695104778749132,2.4608545850044017,2.329841353257156,224259.0,216608.0,209445.0,207948.0,206386.0,208785.0
2010-01-01,5.95,76.27,7.0,75.79,1067271.0,220516.0,2.0670258029162447,1,74.52,76.64,72.77,67.64,72.51,64.44,7.0,7.75,7.75,7.75,7.75,8.0,75.43,74.74,75.24,75.61,76.37,76.75,2.2723449371298,1.6316951438804184,1.9361617831981093,0.29114788483348697,1.0695104778749132,2.4608545850044017,222774.0,224259.0,216608.0,209445.0,207948.0,206386.0
2010-02-01,5.18,73.72,7.0,76.73,1084345.0,216824.0,1.5997811240069382,2,76.27,74.52,76.64,72.77,67.64,72.51,7.0,7.0,7.75,7.75,7.75,7.75,75.79,75.43,74.74,75.24,75.61,76.37,2.0670258029162447,2.2723449371298,1.6316951438804184,1.9361617831981093,0.29114788483348697,1.0695104778749132,220516.0,222774.0,224259.0,216608.0,209445.0,207948.0
2010-03-01,3.97,78.83,7.0,76.95,1107896.0,218125.0,2.171910231522256,3,73.72,76.27,74.52,76.64,72.77,67.64,7.0,7.0,7.0,7.75,7.75,7.75,76.73,75.79,75.43,74.74,75.24,75.61,1.5997811240069382,2.0670258029162447,2.2723449371298,1.6316951438804184,1.9361617831981093,0.29114788483348697,216824.0,220516.0,222774.0,224259.0,216608.0,209445.0
2010-04-01,3.66,84.76,6.75,77.25,1122790.0,226002.0,1.3443500111923967,4,78.83,73.72,76.27,74.52,76.64,72.77,7.0,7.0,7.0,7.0,7.75,7.75,76.95,76.73,75.79,75.43,74.74,75.24,2.171910231522256,1.5997811240069382,2.0670258029162447,2.2723449371298,1.6316951438804184,1.9361617831981093,218125.0,216824.0,220516.0,222774.0,224259.0,216608.0
2010-05-01,3.88,75.81,6.75,78.54,1159595.0,230159.0,3.2779949946116327,5,84.76,78.83,73.72,76.27,74.52,76.64,6.75,7.0,7.0,7.0,7.0,7.75,77.25,76.95,76.73,75.79,75.43,74.74,1.3443500111923967,2.171910231522256,1.5997811240069382,2.0670258029162447,2.2723449371298,1.6316951438804184,226002.0,218125.0,216824.0,220516.0,222774.0,224259.0
2010-06-01,3.49,74.76,6.75,81.02,1198930.0,242885.0,3.3921325980191375,6,75.81,84.76,78.83,73.72,76.27,74.52,6.75,6.75,7.0,7.0,7.0,7.0,78.54,77.25,76.95,76.73,75.79,75.43,3.2779949946116327,1.3443500111923967,2.171910231522256,1.5997811240069382,2.0670258029162447,2.2723449371298,230159.0,226002.0,218125.0,216824.0,220516.0,222774.0
2010-07-01,3.57,75.44,6.75,81.43,1213212.0,243554.0,1.1912288457207598,7,74.76,75.81,84.76,78.83,73.72,76.27,6.75,6.75,6.75,7.0,7.0,7.0,81.02,78.54,77.25,76.95,76.73,75.79,3.3921325980191375,3.2779949946116327,1.3443500111923967,2.171910231522256,1.5997811240069382,2.0670258029162447,242885.0,230159.0,226002.0,218125.0,216824.0,220516.0
2010-08-01,3.22,77.04,6.0,80.44,1216829.0,251151.0,0.2981342090252914,8,75.44,74.76,75.81,84.76,78.83,73.72,6.75,6.75,6.75,6.75,7.0,7.0,81.43,81.02,78.54,77.25,76.95,76.73,1.1912288457207598,3.3921325980191375,3.2779949946116327,1.3443500111923967,2.171910231522256,1.5997811240069382,243554.0,242885.0,230159.0,226002.0,218125.0,216824.0
2010-09-01,3.21,77.73,6.0,80.91,1243601.0,257711.0,2.200144802597581,9,77.04,75.44,74.76,75.81,84.76,78.83,6.0,6.75,6.75,6.75,6.75,7.0,80.44,81.43,81.02,78.54,77.25,76.95,0.2981342090252914,1.1912288457207598,3.3921325980191375,3.2779949946116327,1.3443500111923967,2.171910231522256,251151.0,243554.0,242885.0,230159.0,226002.0,218125.0
2010-10-01,3.18,82.66,6.0,80.71,1254488.0,256355.0,0.8754415604361743,10,77.73,77.04,75.44,74.76,75.81,84.76,6.0,6.0,6.75,6.75,6.75,6.75,80.91,80.44,81.43,81.02,78.54,77.25,2.200144802597581,0.2981342090252914,1.1912288457207598,3.3921325980191375,3.2779949946116327,1.3443500111923967,257711.0,251151.0,243554.0,242885.0,230159.0,226002.0
2010-11-01,3.84,85.25,6.0,80.46,1258812.0,255282.0,0.34468245212389004,11,82.66,77.73,77.04,75.44,74.76,75.81,6.0,6.0,6.0,6.75,6.75,6.75,80.71,80.91,80.44,81.43,81.02,78.54,0.8754415604361743,2.200144802597581,0.2981342090252914,1.1912288457207598,3.3921325980191375,3.2779949946116327,256355.0,257711.0,251151.0,243554.0,242885.0,230159.0
2010-12-01,4.51,91.53,6.0,80.57,1271638.0,252391.0,1.0188971824227844,12,85.25,82.66,77.73,77.04,75.44,74.76,6.0,6.0,6.0,6.0,6.75,6.75,80.46,80.71,80.91,80.44,81.43,81.02,0.34468245212389004,0.8754415604361743,2.200144802597581,0.2981342090252914,1.1912288457207598,3.3921325980191375,255282.0,256355.0,257711.0,251151.0,243554.0,242885.0
2011-01-01,5.42,96.59,6.0,81.03,1285452.0,251843.0,1.0863154451188128,1,91.53,85.25,82.66,77.73,77.04,75.44,6.0,6.0,6.0,6.0,6.0,6.75,80.57,80.46,80.71,80.91,80.44,81.43,1.0188971824227844,0.34468245212389004,0.8754415604361743,2.200144802597581,0.2981342090252914,1.1912288457207598,252391.0,255282.0,256355.0,257711.0,251151.0,243554.0
2011-02-01,6.54,103.76,5.75,81.47,1306395.0,258401.0,1.6292323634021333,2,96.59,91.53,85.25,82.66,77.73,77.04,6.0,6.0,6.0,6.0,6.0,6.0,81.03,80.57,80.46,80.71,80.91,80.44,1.0863154451188128,1.0188971824227844,0.34468245212389004,0.8754415604361743,2.200144802597581,0.2981342090252914,251843.0,252391.0,255282.0,256355.0,257711.0,251151.0
2011-03-01,9.19,114.64,5.75,84.21,1324685.0,258679.0,1.4000359768676418,3,103.76,96.59,91.53,85.25,82.66,77.73,5.75,6.0,6.0,6.0,6.0,6.0,81.47,81.03,80.57,80.46,80.71,80.91,1.6292323634021333,1.0863154451188128,1.0188971824227844,0.34468245212389004,0.8754415604361743,2.200144802597581,258401.0,251843.0,252391.0,255282.0,256355.0,257711.0
2011-04-01,12.05,123.5,6.0,83.89,1334898.0,265027.0,0.7709757414026797,4,114.64,103.76,96.59,91.53,85.25,82.66,5.75,5.75,6.0,6.0,6.0,6.0,84.21,81.47,81.03,80.57,80.46,80.71,1.4000359768676418,1.6292323634021333,1.0863154451188128,1.0188971824227844,0.34468245212389004,0.8754415604361743,258679.0,258401.0,251843.0,252391.0,255282.0,256355.0
2011-05-01,12.95,115.04,6.0,85.43,1351392.0,263837.0,1.235600023372574,5,123.5,114.64,103.76,96.59,91.53,85.25,6.0,5.75,5.75,6.0,6.0,6.0,83.89,84.21,81.47,81.03,80.57,80.46,0.7709757414026797,1.4000359768676418,1.6292323634021333,1.0863154451188128,1.0188971824227844,0.34468245212389004,265027.0,258679.0,258401.0,251843.0,252391.0,255282.0
2011-06-01,14.48,113.83,6.25,89.05,1380732.0,282762.0,2.1710946934716313,6,115.04,123.5,114.64,103.76,96.59,91.53,6.0,6.0,5.75,5.75,6.0,6.0,85.43,83.89,84.21,81.47,81.03,80.57,1.235600023372574,0.7709757414026797,1.4000359768676418,1.6292323634021333,1.0863154451188128,1.0188971824227844,263837.0,265027.0,258679.0,258401.0,251843.0,252391.0
2011-07-01,15.53,116.71,6.25,89.9,1412702.0,281946.0,2.3154384775611714,7,113.83,115.04,123.5,114.64,103.76,96.59,6.25,6.0,6.0,5.75,5.75,6.0,89.05,85.43,83.89,84.21,81.47,81.03,2.1710946934716313,1.235600023372574,0.7709757414026797,1.4000359768676418,1.6292323634021333,1.0863154451188128,282762.0,263837.0,265027.0,258679.0,258401.0,251843.0
2011-08-01,16.67,110.38,6.25,92.79,1436877.0,291811.0,1.7112596994978357,8,116.71,113.83,115.04,123.5,114.64,103.76,6.25,6.25,6.0,6.0,5.75,5.75,89.9,89.05,85.43,83.89,84.21,81.47,2.3154384775611714,2.1710946934716313,1.235600023372574,0.7709757414026797,1.4000359768676418,1.6292323634021333,281946.0,282762.0,263837.0,265027.0,258679.0,258401.0
2011-09-01,17.32,112.91,6.25,96.36,1484198.0,292008.0,3.293322949702726,9,110.38,116.71,113.83,115.04,123.5,114.64,6.25,6.25,6.25,6.0,6.0,5.75,92.79,89.9,89.05,85.43,83.89,84.21,1.7112596994978357,2.3154384775611714,2.1710946934716313,1.235600023372574,0.7709757414026797,1.4000359768676418,291811.0,281946.0,282762.0,263837.0,265027.0,258679.0
2011-10-01,18.91,109.55,7.0,101.27,1513656.0,289511.0,1.9847756161913699,10,112.91,110.38,116.71,113.83,115.04,123.5,6.25,6.25,6.25,6.25,6.0,6.0,96.36,92.79,89.9,89.05,85.43,83.89,3.293322949702726,1.7112596994978357,2.3154384775611714,2.1710946934716313,1.235600023372574,0.7709757414026797,292008.0,291811.0,281946.0,282762.0,263837.0,265027.0
2011-11-01,19.72,110.57,16.5,93.68,1489751.0,261374.0,-1.5792888212381118,11,109.55,112.91,110.38,116.71,113.83,115.04,7.0,6.25,6.25,6.25,6.25,6.0,101.27,96.36,92.79,89.9,89.05,85.43,1.9847756161913699,3.293322949702726,1.7112596994978357,2.3154384775611714,2.1710946934716313,1.235600023372574,289511.0,292008.0,291811.0,281946.0,282762.0,263837.0
2011-12-01,18.93,107.92,18.0,86.66,1514152.0,258679.0,1.6379247270181363,12,110.57,109.55,112.91,110.38,116.71,113.83,16.5,7.0,6.25,6.25,6.25,6.25,93.68,101.27,96.36,92.79,89.9,89.05,-1.5792888212381118,1.9847756161913699,3.293322949702726,1.7112596994978357,2.3154384775611714,2.1710946934716313,261374.0,289511.0,292008.0,291811.0,281946.0,282762.0
2012-01-01,18.31,110.62,18.0,86.34,1505764.0,249887.0,-0.553973445202327,1,107.92,110.57,109.55,112.91,110.38,116.71,18.0,16.5,7.0,6.25,6.25,6.25,86.66,93.68,101.27,96.36,92.79,89.9,1.6379247270181363,-1.5792888212381118,1.9847756161913699,3.293322949702726,1.7112596994978357,2.3154384775611714,258679.0,261374.0,289511.0,292008.0,291811.0,281946.0
2012-02-01,16.69,119.4,18.0,83.18,1504776.0,267847.0,-0.06561453189211086,2,110.62,107.92,110.57,109.55,112.91,110.38,18.0,18.0,16.5,7.0,6.25,6.25,86.34,86.66,93.68,101.27,96.36,92.79,-0.553973445202327,1.6379247270181363,-1.5792888212381118,1.9847756161913699,3.293322949702726,1.7112596994978357,249887.0,258679.0,261374.0,289511.0,292008.0,291811.0
2012-03-01,15.61,125.45,18.0,82.9,1517126.0,291114.0,0.8207201603428027,3,119.4,110.62,107.92,110.57,109.55,112.91,18.0,18.0,18.0,16.5,7.0,6.25,83.18,86.34,86.66,93.68,101.27,96.36,-0.06561453189211086,-0.553973445202327,1.6379247270181363,-1.5792888212381118,1.9847756161913699,3.293322949702726,267847.0,249887.0,258679.0,261374.0,289511.0,292008.0
2012-04-01,13.06,119.94,18.0,83.19,1536287.0,312801.0,1.2629801348075231,4,125.45,119.4,110.62,107.92,110.57,109.55,18.0,18.0,18.0,18.0,16.5,7.0,82.9,83.18,86.34,86.66,93.68,101.27,0.8207201603428027,-0.06561453189211086,-0.553973445202327,1.6379247270181363,-1.5792888212381118,1.9847756161913699,291114.0,267847.0,249887.0,258679.0,261374.0,289511.0
2012-05-01,12.22,110.26,18.0,84.38,1561573.0,299611.0,1.6459164205646415,5,119.94,125.45,119.4,110.62,107.92,110.57,18.0,18.0,18.0,18.0,18.0,16.5,83.19,82.9,83.18,86.34,86.66,93.68,1.2629801348075231,0.8207201603428027,-0.06561453189211086,-0.553973445202327,1.6379247270181363,-1.5792888212381118,312801.0,291114.0,267847.0,249887.0,258679.0,261374.0
2012-06-01,10.05,95.16,18.0,84.79,1595059.0,330484.0,2.1443762155211488,6,110.26,119.94,125.45,119.4,110.62,107.92,18.0,18.0,18.0,18.0,18.0,18.0,84.38,83.19,82.9,83.18,86.34,86.66,1.6459164205646415,1.2629801348075231,0.8207201603428027,-0.06561453189211086,-0.553973445202327,1.6379247270181363,299611.0,312801.0,291114.0,267847.0,249887.0,258679.0
2012-07-01,7.74,102.53,18.0,84.14,1613069.0,322787.0,1.1291118384962662,7,95.16,110.26,119.94,125.45,119.4,110.62,18.0,18.0,18.0,18.0,18.0,18.0,84.79,84.38,83.19,82.9,83.18,86.34,2.1443762155211488,1.6459164205646415,1.2629801348075231,0.8207201603428027,-0.06561453189211086,-0.553973445202327,330484.0,299611.0,312801.0,291114.0,267847.0,249887.0
2012-08-01,6.09,113.36,16.5,84.08,1638708.0,341631.0,1.5894546358525163,8,102.53,95.16,110.26,119.94,125.45,119.4,18.0,18.0,18.0,18.0,18.0,18.0,84.14,84.79,84.38,83.19,82.9,83.18,1.1291118384962662,2.1443762155211488,1.6459164205646415,1.2629801348075231,0.8207201603428027,-0.06561453189211086,322787.0,330484.0,299611.0,312801.0,291114.0,267847.0
2012-09-01,5.32,112.94,16.5,84.61,1671318.0,349531.0,1.9899823519504478,9,113.36,102.53,95.16,110.26,119.94,125.45,16.5,18.0,18.0,18.0,18.0,18.0,84.08,84.14,84.79,84.38,83.19,82.9,1.5894546358525163,1.1291118384962662,2.1443762155211488,1.6459164205646415,1.2629801348075231,0.8207201603428027,341631.0,322787.0,330484.0,299611.0,312801.0,291114.0
2012-10-01,4.14,111.71,13.0,85.11,1703001.0,351270.0,1.8956895097162807,10,112.94,113.36,102.53,95.16,110.26,119.94,16.5,16.5,18.0,18.0,18.0,18.0,84.61,84.08,84.14,84.79,84.38,83.19,1.9899823519504478,1.5894546358525163,1.1291118384962662,2.1443762155211488,1.6459164205646415,1.2629801348075231,349531.0,341631.0,322787.0,330484.0,299611.0,312801.0
2012-11-01,3.25,109.12,13.0,85.63,1740657.0,364258.0,2.2111554837607184,11,111.71,112.94,113.36,102.53,95.16,110.26,13.0,16.5,16.5,18.0,18.0,18.0,85.11,84.61,84.08,84.14,84.79,84.38,1.8956895097162807,1.9899823519504478,1.5894546358525163,1.1291118384962662,2.1443762155211488,1.6459164205646415,351270.0,349531.0,341631.0,322787.0,330484.0,299611.0
2012-12-01,3.2,109.5,11.0,85.99,1727686.0,364143.0,-0.7451784010290341,12,109.12,111.71,112.94,113.36,102.53,95.16,13.0,13.0,16.5,16.5,18.0,18.0,85.63,85.11,84.61,84.08,84.14,84.79,2.2111554837607184,1.8956895097162807,1.9899823519504478,1.5894546358525163,1.1291118384962662,2.1443762155211488,364258.0,351270.0,349531.0,341631.0,322787.0,330484.0
2013-01-01,3.67,112.88,11.0,86.9,1743018.0,345149.0,0.8874297760125494,1,109.5,109.12,111.71,112.94,113.36,102.53,11.0,13.0,13.0,16.5,16.5,18.0,85.99,85.63,85.11,84.61,84.08,84.14,-0.7451784010290341,2.2111554837607184,1.8956895097162807,1.9899823519504478,1.5894546358525163,1.1291118384962662,364143.0,364258.0,351270.0,349531.0,341631.0,322787.0
2013-02-01,4.45,116.11,9.5,87.45,1759974.0,325726.0,0.9727954616647772,2,112.88,109.5,109.12,111.71,112.94,113.36,11.0,11.0,13.0,13.0,16.5,16.5,86.9,85.99,85.63,85.11,84.61,84.08,0.8874297760125494,-0.7451784010290341,2.2111554837607184,1.8956895097162807,1.9899823519504478,1.5894546358525163,345149.0,364143.0,364258.0,351270.0,349531.0,341631.0
2013-03-01,4.11,108.48,9.5,85.82,1766940.0,341725.0,0.3958013016101436,3,116.11,112.88,109.5,109.12,111.71,112.94,9.5,11.0,11.0,13.0,13.0,16.5,87.45,86.9,85.99,85.63,85.11,84.61,0.9727954616647772,0.8874297760125494,-0.7451784010290341,2.2111554837607184,1.8956895097162807,1.9899823519504478,325726.0,345149.0,364143.0,364258.0,351270.0,349531.0
2013-04-01,4.14,102.25,9.5,84.19,1817638.0,376371.0,2.869254190861037,4,108.48,116.11,112.88,109.5,109.12,111.71,9.5,9.5,11.0,11.0,13.0,13.0,85.82,87.45,86.9,85.99,85.63,85.11,0.3958013016101436,0.9727954616647772,0.8874297760125494,-0.7451784010290341,2.2111554837607184,1.8956895097162807,341725.0,325726.0,345149.0,364143.0,364258.0,351270.0
2013-05-01,4.05,102.56,9.5,84.15,1836207.0,399538.0,1.021600560727709,5,102.25,108.48,116.11,112.88,109.5,109.12,9.5,9.5,9.5,11.0,11.0,13.0,84.19,85.82,87.45,86.9,85.99,85.63,2.869254190861037,0.3958013016101436,0.9727954616647772,0.8874297760125494,-0.7451784010290341,2.2111554837607184,376371.0,341725.0,325726.0,345149.0,364143.0,364258.0
2013-06-01,4.91,102.92,8.5,85.49,1837029.0,402141.0,0.04476619466105003,6,102.56,102.25,108.48,116.11,112.88,109.5,9.5,9.5,9.5,9.5,11.0,11.0,84.15,84.19,85.82,87.45,86.9,85.99,1.021600560727709,2.869254190861037,0.3958013016101436,0.9727954616647772,0.8874297760125494,-0.7451784010290341,399538.0,376371.0,341725.0,325726.0,345149.0,364143.0
2013-07-01,6.03,107.88,8.5,86.86,1850319.0,411022.0,0.7234507457421824,7,102.92,102.56,102.25,108.48,116.11,112.88,8.5,9.5,9.5,9.5,9.5,11.0,85.49,84.15,84.19,85.82,87.45,86.9,0.04476619466105003,1.021600560727709,2.869254190861037,0.3958013016101436,0.9727954616647772,0.8874297760125494,402141.0,399538.0,376371.0,341725.0,325726.0,345149.0
2013-08-01,6.67,111.28,8.5,87.49,1863831.0,408661.0,0.730252459170555,8,107.88,102.92,102.56,102.25,108.48,116.11,8.5,8.5,9.5,9.5,9.5,9.5,86.86,85.49,84.15,84.19,85.82,87.45,0.7234507457421824,0.04476619466105003,1.021600560727709,2.869254190861037,0.3958013016101436,0.9727954616647772,411022.0,402141.0,399538.0,376371.0,341725.0,325726.0
2013-09-01,8.29,111.79,8.5,87.41,1904269.0,417273.0,2.1696173097238924,9,111.28,107.88,102.92,102.56,102.25,108.48,8.5,8.5,8.5,9.5,9.5,9.5,87.49,86.86,85.49,84.15,84.19,85.82,0.730252459170555,0.7234507457421824,0.04476619466105003,1.021600560727709,2.869254190861037,0.3958013016101436,408661.0,411022.0,402141.0,399538.0,376371.0,341725.0
2013-10-01,7.76,109.08,8.5,85.31,1917868.0,403708.0,0.7141322995858346,10,111.79,111.28,107.88,102.92,102.56,102.25,8.5,8.5,8.5,8.5,9.5,9.5,87.41,87.49,86.86,85.49,84.15,84.19,2.1696173097238924,0.730252459170555,0.7234507457421824,0.04476619466105003,1.021600560727709,2.869254190861037,417273.0,408661.0,411022.0,402141.0,399538.0,376371.0
2013-11-01,7.36,107.95,8.5,86.1,1969461.0,421154.0,2.690122573607767,11,109.08,111.79,111.28,107.88,102.92,102.56,8.5,8.5,8.5,8.5,8.5,9.5,85.31,87.41,87.49,86.86,85.49,84.15,0.7141322995858346,2.1696173097238924,0.730252459170555,0.7234507457421824,0.04476619466105003,1.021600560727709,403708.0,417273.0,408661.0,411022.0,402141.0,399538.0
2013-12-01,7.15,110.8,8.5,86.31,2007329.0,432005.0,1.9227595773666062,12,107.95,109.08,111.79,111.28,107.88,102.92,8.5,8.5,8.5,8.5,8.5,8.5,86.1,85.31,87.41,87.49,86.86,85.49,2.690122573607767,0.7141322995858346,2.1696173097238924,0.730252459170555,0.7234507457421824,0.04476619466105003,421154.0,403708.0,417273.0,408661.0,411022.0,402141.0
2014-01-01,7.21,108.15,8.5,86.21,2041737.0,433328.0,1.7141186123450725,1,110.8,107.95,109.08,111.79,111.28,107.88,8.5,8.5,8.5,8.5,8.5,8.5,86.31,86.1,85.31,87.41,87.49,86.86,1.9227595773666062,2.690122573607767,0.7141322995858346,2.1696173097238924,0.730252459170555,0.7234507457421824,432005.0,421154.0,403708.0,417273.0,408661.0,411022.0
2014-02-01,6.86,108.92,8.5,86.28,2047061.0,435574.0,0.2607583640792166,2,108.15,110.8,107.95,109.08,111.79,111.28,8.5,8.5,8.5,8.5,8.5,8.5,86.21,86.31,86.1,85.31,87.41,87.49,1.7141186123450725,1.9227595773666062,2.690122573607767,0.7141322995858346,2.1696173097238924,0.730252459170555,433328.0,432005.0,421154.0,403708.0,417273.0,408661.0
2014-03-01,6.27,107.48,8.5,86.49,2075904.0,442081.0,1.408995628366716,3,108.92,108.15,110.8,107.95,109.08,111.79,8.5,8.5,8.5,8.5,8.5,8.5,86.28,86.21,86.31,86.1,85.31,87.41,0.2607583640792166,1.7141186123450725,1.9227595773666062,2.690122573607767,0.7141322995858346,2.1696173097238924,435574.0,433328.0,432005.0,421154.0,403708.0,417273.0
2014-04-01,6.41,107.85,8.5,86.72,2112443.0,451532.0,1.7601488315452052,4,107.48,108.92,108.15,110.8,107.95,109.08,8.5,8.5,8.5,8.5,8.5,8.5,86.49,86.28,86.21,86.31,86.1,85.31,1.408995628366716,0.2607583640792166,1.7141186123450725,1.9227595773666062,2.690122573607767,0.7141322995858346,442081.0,435574.0,433328.0,432005.0,421154.0,403708.0
2014-05-01,7.3,109.54,8.5,87.41,2160034.0,435579.0,2.2528891903828896,5,107.85,107.48,108.92,108.15,110.8,107.95,8.5,8.5,8.5,8.5,8.5,8.5,86.72,86.49,86.28,86.21,86.31,86.1,1.7601488315452052,1.408995628366716,0.2607583640792166,1.7141186123450725,1.9227595773666062,2.690122573607767,451532.0,442081.0,435574.0,433328.0,432005.0,421154.0
2014-06-01,7.39,111.8,8.5,87.61,2163038.0,615424.0,0.13907188497959133,6,109.54,107.85,107.48,108.92,108.15,110.8,8.5,8.5,8.5,8.5,8.5,8.5,87.41,86.72,86.49,86.28,86.21,86.31,2.2528891903828896,1.7601488315452052,1.408995628366716,0.2607583640792166,1.7141186123450725,1.9227595773666062,435579.0,451532.0,442081.0,435574.0,433328.0,432005.0
2014-07-01,7.67,106.86,8.5,87.77,2202093.0,555585.0,1.805562361826274,7,111.8,109.54,107.85,107.48,108.92,108.15,8.5,8.5,8.5,8.5,8.5,8.5,87.61,87.41,86.72,86.49,86.28,86.21,0.13907188497959133,2.2528891903828896,1.7601488315452052,1.408995628366716,0.2607583640792166,1.7141186123450725,615424.0,435579.0,451532.0,442081.0,435574.0,433328.0
2014-08-01,8.36,101.61,8.5,88.11,2264819.0,556054.0,2.8484718856106372,8,106.86,111.8,109.54,107.85,107.48,108.92,8.5,8.5,8.5,8.5,8.5,8.5,87.77,87.61,87.41,86.72,86.49,86.28,1.805562361826274,0.13907188497959133,2.2528891903828896,1.7601488315452052,1.408995628366716,0.2607583640792166,555585.0,615424.0,435579.0,451532.0,442081.0,435574.0
2014-09-01,6.6,97.25,8.5,88.84,2262862.0,552232.0,-0.08640867106819439,9,101.61,106.86,111.8,109.54,107.85,107.48,8.5,8.5,8.5,8.5,8.5,8.5,88.11,87.77,87.61,87.41,86.72,86.49,2.8484718856106372,1.805562361826274,0.13907188497959133,2.2528891903828896,1.7601488315452052,1.408995628366716,556054.0,555585.0,615424.0,435579.0,451532.0,442081.0
2014-10-01,6.43,87.43,8.5,89.23,2268848.0,533886.0,0.26453226047369327,10,97.25,101.61,106.86,111.8,109.54,107.85,8.5,8.5,8.5,8.5,8.5,8.5,88.84,88.11,87.77,87.61,87.41,86.72,-0.08640867106819439,2.8484718856106372,1.805562361826274,0.13907188497959133,2.2528891903828896,1.7601488315452052,552232.0,556054.0,555585.0,615424.0,435579.0,451532.0
2014-11-01,6.09,79.2,8.5,89.96,2304085.0,528417.0,1.5530789193458627,11,87.43,97.25,101.61,106.86,111.8,109.54,8.5,8.5,8.5,8.5,8.5,8.5,89.23,88.84,88.11,87.77,87.61,87.41,0.26453226047369327,-0.08640867106819439,2.8484718856106372,1.805562361826274,0.13907188497959133,2.2528891903828896,533886.0,552232.0,556054.0,555585.0,615424.0,435579.0
2014-12-01,6.02,62.18,8.5,90.44,2336391.0,588796.0,1.4021184114301422,12,79.2,87.43,97.25,101.61,106.86,111.8,8.5,8.5,8.5,8.5,8.5,8.5,89.96,89.23,88.84,88.11,87.77,87.61,1.5530789193458627,0.26453226047369327,-0.08640867106819439,2.8484718856106372,1.805562361826274,0.13907188497959133,528417.0,533886.0,552232.0,556054.0,555585.0,615424.0
2015-01-01,5.53,48.07,8.5,91.36,2358930.0,567800.0,0.9646929816113925,1,62.18,79.2,87.43,97.25,101.61,106.86,8.5,8.5,8.5,8.5,8.5,8.5,90.44,89.96,89.23,88.84,88.11,87.77,1.4021184114301422,1.5530789193458627,0.26453226047369327,-0.08640867106819439,2.8484718856106372,1.805562361826274,588796.0,528417.0,533886.0,552232.0,556054.0,555585.0
2015-02-01,5.61,58.1,8.5,91.49,2415761.0,574804.0,2.4091855205538026,2,48.07,62.18,79.2,87.43,97.25,101.61,8.5,8.5,8.5,8.5,8.5,8.5,91.36,90.44,89.96,89.23,88.84,88.11,0.9646929816113925,1.4021184114301422,1.5530789193458627,0.26453226047369327,-0.08640867106819439,2.8484718856106372,567800.0,588796.0,528417.0,533886.0,552232.0,556054.0
2015-03-01,6.31,55.89,8.5,91.73,2406465.0,569626.0,-0.3848062784356565,3,58.1,48.07,62.18,79.2,87.43,97.25,8.5,8.5,8.5,8.5,8.5,8.5,91.49,91.36,90.44,89.96,89.23,88.84,2.4091855205538026,0.9646929816113925,1.4021184114301422,1.5530789193458627,0.26453226047369327,-0.08640867106819439,574804.0,567800.0,588796.0,528417.0,533886.0,552232.0
2015-04-01,7.08,59.35,8.5,93.44,2468893.0,562570.0,2.59417859806812,4,55.89,58.1,48.07,62.18,79.2,87.43,8.5,8.5,8.5,8.5,8.5,8.5,91.73,91.49,91.36,90.44,89.96,89.23,-0.3848062784356565,2.4091855205538026,0.9646929816113925,1.4021184114301422,1.5530789193458627,0.26453226047369327,569626.0,574804.0,567800.0,588796.0,528417.0,533886.0
2015-05-01,6.87,64.03,8.5,96.39,2506590.0,567300.0,1.5268786456116068,5,59.35,55.89,58.1,48.07,62.18,79.2,8.5,8.5,8.5,8.5,8.5,8.5,93.44,91.73,91.49,91.36,90.44,89.96,2.59417859806812,-0.3848062784356565,2.4091855205538026,0.9646929816113925,1.4021184114301422,1.5530789193458627,562570.0,569626.0,574804.0,567800.0,588796.0,528417.0
2015-06-01,7.03,61.48,8.5,97.71,2560420.0,565156.0,2.1475390869667654,6,64.03,59.35,55.89,58.1,48.07,62.18,8.5,8.5,8.5,8.5,8.5,8.5,96.39,93.44,91.73,91.49,91.36,90.44,1.5268786456116068,2.59417859806812,-0.3848062784356565,2.4091855205538026,0.9646929816113925,1.4021184114301422,567300.0,562570.0,569626.0,574804.0,567800.0,588796.0
2015-07-01,6.62,56.56,10.0,101.2,2554782.0,557953.0,-0.2201982487248233,7,61.48,64.03,59.35,55.89,58.1,48.07,8.5,8.5,8.5,8.5,8.5,8.5,97.71,96.39,93.44,91.73,91.49,91.36,2.1475390869667654,1.5268786456116068,2.59417859806812,-0.3848062784356565,2.4091855205538026,0.9646929816113925,565156.0,567300.0,562570.0,569626.0,574804.0,567800.0
2015-08-01,5.84,46.6,11.5,102.43,2580621.0,557702.0,1.011397449958551,8,56.56,61.48,64.03,59.35,55.89,58.1,10.0,8.5,8.5,8.5,8.5,8.5,101.2,97.71,96.39,93.44,91.73,91.49,-0.2201982487248233,2.1475390869667654,1.5268786456116068,2.59417859806812,-0.3848062784356565,2.4091855205538026,557953.0,565156.0,567300.0,562570.0,569626.0,574804.0
2015-09-01,5.97,47.62,11.5,105.28,2567111.0,529269.0,-0.5235174014316724,9,46.6,56.56,61.48,64.03,59.35,55.89,11.5,10.0,8.5,8.5,8.5,8.5,102.43,101.2,97.71,96.39,93.44,91.73,1.011397449958551,-0.2201982487248233,2.1475390869667654,1.5268786456116068,2.59417859806812,-0.3848062784356565,557702.0,557953.0,565156.0,567300.0,562570.0,569626.0
2015-10-01,6.72,48.43,11.5,102.78,2623802.0,590499.0,2.2083579556941624,10,47.62,46.6,56.56,61.48,64.03,59.35,11.5,11.5,10.0,8.5,8.5,8.5,105.28,102.43,101.2,97.71,96.39,93.44,-0.5235174014316724,1.011397449958551,-0.2201982487248233,2.1475390869667654,1.5268786456116068,2.59417859806812,529269.0,557702.0,557953.0,565156.0,567300.0,562570.0
2015-11-01,7.32,44.27,11.5,102.17,2654388.0,580599.0,1.1657129615725514,11,48.43,47.62,46.6,56.56,61.48,64.03,11.5,11.5,11.5,10.0,8.5,8.5,102.78,105.28,102.43,101.2,97.71,96.39,2.2083579556941624,-0.5235174014316724,1.011397449958551,-0.2201982487248233,2.1475390869667654,1.5268786456116068,590499.0,529269.0,557702.0,557953.0,565156.0,567300.0
2015-12-01,8.01,37.97,11.5,102.2,2704866.0,621379.0,1.9016812915067405,12,44.27,48.43,47.62,46.6,56.56,61.48,11.5,11.5,11.5,11.5,10.0,8.5,102.17,102.78,105.28,102.43,101.2,97.71,1.1657129615725514,2.2083579556941624,-0.5235174014316724,1.011397449958551,-0.2201982487248233,2.1475390869667654,580599.0,590499.0,529269.0,557702.0,557953.0,565156.0
2016-01-01,7.78,30.97,11.5,102.31,2660106.0,615109.0,-1.6547954686110145,1,37.97,44.27,48.43,47.62,46.6,56.56,11.5,11.5,11.5,11.5,11.5,10.0,102.2,102.17,102.78,105.28,102.43,101.2,1.9016812915067405,1.1657129615725514,2.2083579556941624,-0.5235174014316724,1.011397449958551,-0.2201982487248233,621379.0,580599.0,590499.0,529269.0,557702.0,557953.0
2016-02-01,6.84,32.15,11.5,101.93,2677491.0,619087.0,0.6535453850335271,2,30.97,37.97,44.27,48.43,47.62,46.6,11.5,11.5,11.5,11.5,11.5,11.5,102.31,102.2,102.17,102.78,105.28,102.43,-1.6547954686110145,1.9016812915067405,1.1657129615725514,2.2083579556941624,-0.5235174014316724,1.011397449958551,615109.0,621379.0,580599.0,590499.0,529269.0,557702.0
2016-03-01,6.45,38.22,11.5,101.49,2713294.0,640775.0,1.3371847001539816,3,32.15,30.97,37.97,44.27,48.43,47.62,11.5,11.5,11.5,11.5,11.5,11.5,101.93,102.31,102.2,102.17,102.78,105.28,0.6535453850335271,-1.6547954686110145,1.9016812915067405,1.1657129615725514,2.2083579556941624,-0.5235174014316724,619087.0,615109.0,621379.0,580599.0,590499.0,529269.0
2016-04-01,5.27,41.58,11.5,101.23,2742721.0,664774.0,1.0845488914949852,4,38.22,32.15,30.97,37.97,44.27,48.43,11.5,11.5,11.5,11.5,11.5,11.5,101.49,101.93,102.31,102.2,102.17,102.78,1.3371847001539816,0.6535453850335271,-1.6547954686110145,1.9016812915067405,1.1657129615725514,2.2083579556941624,640775.0,619087.0,615109.0,621379.0,580599.0,590499.0
2016-05-01,5.0,46.85,11.5,100.73,2759419.0,664645.0,0.6088114686109147,5,41.58,38.22,32.15,30.97,37.97,44.27,11.5,11.5,11.5,11.5,11.5,11.5,101.23,101.49,101.93,102.31,102.2,102.17,1.0845488914949852,1.3371847001539816,0.6535453850335271,-1.6547954686110145,1.9016812915067405,1.1657129615725514,664774.0,640775.0,619087.0,615109.0,621379.0,580599.0
2016-06-01,5.8,48.25,10.5,101.15,2807172.0,694581.0,1.730545451778065,6,46.85,41.58,38.22,32.15,30.97,37.97,11.5,11.5,11.5,11.5,11.5,11.5,100.73,101.23,101.49,101.93,102.31,102.2,0.6088114686109147,1.0845488914949852,1.3371847001539816,0.6535453850335271,-1.6547954686110145,1.9016812915067405,664645.0,664774.0,640775.0,619087.0,615109.0,621379.0
2016-07-01,6.4,44.95,10.5,101.33,2769546.0,683211.0,-1.3403524971038472,7,48.25,46.85,41.58,38.22,32.15,30.97,10.5,11.5,11.5,11.5,11.5,11.5,101.15,100.73,101.23,101.49,101.93,102.31,1.730545451778065,0.6088114686109147,1.0845488914949852,1.3371847001539816,0.6535453850335271,-1.6547954686110145,694581.0,664645.0,664774.0,640775.0,619087.0,615109.0
2016-08-01,6.26,45.84,10.5,101.41,2793673.0,681483.0,0.8711536114583307,8,44.95,48.25,46.85,41.58,38.22,32.15,10.5,10.5,11.5,11.5,11.5,11.5,101.33,101.15,100.73,101.23,101.49,101.93,-1.3403524971038472,1.730545451778065,0.6088114686109147,1.0845488914949852,1.3371847001539816,0.6535453850335271,683211.0,694581.0,664645.0,664774.0,640775.0,619087.0
2016-09-01,6.34,46.57,10.5,101.27,2810821.0,687185.0,0.6138155754091379,9,45.84,44.95,48.25,46.85,41.58,38.22,10.5,10.5,10.5,11.5,11.5,11.5,101.41,101.33,101.15,100.73,101.23,101.49,0.8711536114583307,-1.3403524971038472,1.730545451778065,0.6088114686109147,1.0845488914949852,1.3371847001539816,681483.0,683211.0,694581.0,664645.0,664774.0,640775.0
2016-10-01,6.47,49.52,10.0,101.32,2799998.0,678319.0,-0.3850476426638383,10,46.57,45.84,44.95,48.25,46.85,41.58,10.5,10.5,10.5,10.5,11.5,11.5,101.27,101.41,101.33,101.15,100.73,101.23,0.6138155754091379,0.8711536114583307,-1.3403524971038472,1.730545451778065,0.6088114686109147,1.0845488914949852,687185.0,681483.0,683211.0,694581.0,664645.0,664774.0
2016-11-01,6.68,44.73,10.0,101.75,2815792.0,644963.0,0.5640718314798843,11,49.52,46.57,45.84,44.95,48.25,46.85,10.0,10.5,10.5,10.5,10.5,11.5,101.32,101.27,101.41,101.33,101.15,100.73,-0.3850476426638383,0.6138155754091379,0.8711536114583307,-1.3403524971038472,1.730545451778065,0.6088114686109147,678319.0,687185.0,681483.0,683211.0,694581.0,664645.0
2016-12-01,6.35,53.41,10.0,102.13,2785923.007,621581.9022,-1.0607670239847211,12,44.73,49.52,46.57,45.84,44.95,48.25,10.0,10.0,10.5,10.5,10.5,10.5,101.75,101.32,101.27,101.41,101.33,101.15,0.5640718314798843,-0.3850476426638383,0.6138155754091379,0.8711536114583307,-1.3403524971038472,1.730545451778065,644963.0,678319.0,687185.0,681483.0,683211.0,694581.0
2017-01-01,6.99,54.6,10.0,103.75,2780614.708,625604.5572,-0.19054004675155278,1,53.41,44.73,49.52,46.57,45.84,44.95,10.0,10.0,10.0,10.5,10.5,10.5,102.13,101.75,101.32,101.27,101.41,101.33,-1.0607670239847211,0.5640718314798843,-0.3850476426638383,0.6138155754091379,0.8711536114583307,-1.3403524971038472,621581.9022,644963.0,678319.0,687185.0,681483.0,683211.0
2017-02-01,9.04,54.87,10.0,103.64,2802649.445,627568.3247,0.7924412158435423,2,54.6,53.41,44.73,49.52,46.57,45.84,10.0,10.0,10.0,10.0,10.5,10.5,103.75,102.13,101.75,101.32,101.27,101.41,-0.19054004675155278,-1.0607670239847211,0.5640718314798843,-0.3850476426638383,0.6138155754091379,0.8711536114583307,625604.5572,621581.9022,644963.0,678319.0,687185.0,681483.0
2017-03-01,10.28,51.59,10.0,102.85,2866503.375,697822.8936,2.2783416639536203,3,54.87,54.6,53.41,44.73,49.52,46.57,10.0,10.0,10.0,10.0,10.0,10.5,103.64,103.75,102.13,101.75,101.32,101.27,0.7924412158435423,-0.19054004675155278,-1.0607670239847211,0.5640718314798843,-0.3850476426638383,0.6138155754091379,627568.3247,625604.5572,621581.9022,644963.0,678319.0,687185.0
2017-04-01,11.48,52.44,10.0,103.33,2915234.941,759288.2693,1.7000351865973373,4,51.59,54.87,54.6,53.41,44.73,49.52,10.0,10.0,10.0,10.0,10.0,10.0,102.85,103.64,103.75,102.13,101.75,101.32,2.2783416639536203,0.7924412158435423,-0.19054004675155278,-1.0607670239847211,0.5640718314798843,-0.3850476426638383,697822.8936,627568.3247,625604.5572,621581.9022,644963.0,678319.0
2017-05-01,11.7,50.33,10.0,103.26,2922723.332,751025.5431,0.25687092641086817,5,52.44,51.59,54.87,54.6,53.41,44.73,10.0,10.0,10.0,10.0,10.0,10.0,103.33,102.85,103.64,103.75,102.13,101.75,1.7000351865973373,2.2783416639536203,0.7924412158435423,-0.19054004675155278,-1.0607670239847211,0.5640718314798843,759288.2693,697822.8936,627568.3247,625604.5572,621581.9022,644963.0
2017-06-01,9.21,46.37,10.0,103.49,2955907.799,738343.7898,1.135395425104857,6,50.33,52.44,51.59,54.87,54.6,53.41,10.0,10.0,10.0,10.0,10.0,10.0,103.26,103.33,102.85,103.64,103.75,102.13,0.25687092641086817,1.7000351865973373,2.2783416639536203,0.7924412158435423,-0.19054004675155278,-1.0607670239847211,751025.5431,759288.2693,697822.8936,627568.3247,625604.5572,621581.9022
2017-07-01,7.47,48.48,10.0,103.88,2977736.647,705628.4212,0.7384820327408281,7,46.37,50.33,52.44,51.59,54.87,54.6,10.0,10.0,10.0,10.0,10.0,10.0,103.49,103.26,103.33,102.85,103.64,103.75,1.135395425104857,0.25687092641086817,1.7000351865973373,2.2783416639536203,0.7924412158435423,-0.19054004675155278,738343.7898,751025.5431,759288.2693,697822.8936,627568.3247,625604.5572
2017-08-01,8.04,51.7,10.0,103.56,2986790.058,684360.9692,0.30403665848426353,8,48.48,46.37,50.33,52.44,51.59,54.87,10.0,10.0,10.0,10.0,10.0,10.0,103.88,103.49,103.26,103.33,102.85,103.64,0.7384820327408281,1.135395425104857,0.25687092641086817,1.7000351865973373,2.2783416639536203,0.7924412158435423,705628.4212,738343.7898,751025.5431,759288.2693,697822.8936,627568.3247
2017-09-01,7.06,56.15,10.0,103.12,3006155.218,694649.4544,0.6483602671748079,9,51.7,48.48,46.37,50.33,52.44,51.59,10.0,10.0,10.0,10.0,10.0,10.0,103.56,103.88,103.49,103.26,103.33,102.85,0.30403665848426353,0.7384820327408281,1.135395425104857,0.25687092641086817,1.7000351865973373,2.2783416639536203,684360.9692,705628.4212,738343.7898,751025.5431,759288.2693,697822.8936
2017-10-01,5.72,57.51,10.0,103.39,3000197.974,649499.5162,-0.19816821048792566,10,56.15,51.7,48.48,46.37,50.33,52.44,10.0,10.0,10.0,10.0,10.0,10.0,103.12,103.56,103.88,103.49,103.26,103.33,0.6483602671748079,0.30403665848426353,0.7384820327408281,1.135395425104857,0.25687092641086817,1.7000351865973373,694649.4544,684360.9692,705628.4212,738343.7898,751025.5431,759288.2693
2017-11-01,4.73,62.71,10.0,103.57,3015009.398,635559.8863,0.4936815546292994,11,57.51,56.15,51.7,48.48,46.37,50.33,10.0,10.0,10.0,10.0,10.0,10.0,103.39,103.12,103.56,103.88,103.49,103.26,-0.19816821048792566,0.6483602671748079,0.30403665848426353,0.7384820327408281,1.135395425104857,0.25687092641086817,649499.5162,694649.4544,684360.9692,705628.4212,738343.7898,751025.5431
2017-12-01,4.5,64.46,10.0,103.1,3030645.537,627128.9618,0.5186099589066684,12,62.71,57.51,56.15,51.7,48.48,46.37,10.0,10.0,10.0,10.0,10.0,10.0,103.57,103.39,103.12,103.56,103.88,103.49,0.4936815546292994,-0.19816821048792566,0.6483602671748079,0.30403665848426353,0.7384820327408281,1.135395425104857,635559.8863,649499.5162,694649.4544,684360.9692,705628.4212,738343.7898
2018-01-01,4.83,68.97,10.0,102.92,3026101.979,634904.5019,-0.14992046890768274,1,64.46,62.71,57.51,56.15,51.7,48.48,10.0,10.0,10.0,10.0,10.0,10.0,103.1,103.57,103.39,103.12,103.56,103.88,0.5186099589066684,0.4936815546292994,-0.19816821048792566,0.6483602671748079,0.30403665848426353,0.7384820327408281,627128.9618,635559.8863,649499.5162,694649.4544,684360.9692,705628.4212
2018-02-01,4.46,65.32,10.0,101.4,3023516.371,636092.8439,-0.0854435183593627,2,68.97,64.46,62.71,57.51,56.15,51.7,10.0,10.0,10.0,10.0,10.0,10.0,102.92,103.1,103.57,103.39,103.12,103.56,-0.14992046890768274,0.5186099589066684,0.4936815546292994,-0.19816821048792566,0.6483602671748079,0.30403665848426353,634904.5019,627128.9618,635559.8863,649499.5162,694649.4544,684360.9692
2018-03-01,4.18,66.15,10.0,101.18,3035395.429,803349.4783,0.3928888268619257,3,65.32,68.97,64.46,62.71,57.51,56.15,10.0,10.0,10.0,10.0,10.0,10.0,101.4,102.92,103.1,103.57,103.39,103.12,-0.0854435183593627,-0.14992046890768274,0.5186099589066684,0.4936815546292994,-0.19816821048792566,0.6483602671748079,636092.8439,634904.5019,627128.9618,635559.8863,649499.5162,694649.4544
2018-04-01,3.73,71.96,9.5,100.61,3074812.64,824430.06,1.2985857006770907,4,66.15,65.32,68.97,64.46,62.71,57.51,10.0,10.0,10.0,10.0,10.0,10.0,101.18,101.4,102.92,103.1,103.57,103.39,0.3928888268619257,-0.0854435183593627,-0.14992046890768274,0.5186099589066684,0.4936815546292994,-0.19816821048792566,803349.4783,636092.8439,634904.5019,627128.9618,635559.8863,649499.5162
2018-05-01,3.95,76.8,9.5,100.66,3142070.452,815562.3716,2.1873791958914257,5,71.96,66.15,65.32,68.97,64.46,62.71,9.5,10.0,10.0,10.0,10.0,10.0,100.61,101.18,101.4,102.92,103.1,103.57,1.2985857006770907,0.3928888268619257,-0.0854435183593627,-0.14992046890768274,0.5186099589066684,0.4936815546292994,824430.06,803349.4783,636092.8439,634904.5019,627128.9618,635559.8863
2018-06-01,4.28,74.4,9.5,101.0,3262639.349,783636.6299,3.8372435895972723,6,76.8,71.96,66.15,65.32,68.97,64.46,9.5,9.5,10.0,10.0,10.0,10.0,100.66,100.61,101.18,101.4,102.92,103.1,2.1873791958914257,1.2985857006770907,0.3928888268619257,-0.0854435183593627,-0.14992046890768274,0.5186099589066684,815562.3716,824430.06,803349.4783,636092.8439,634904.5019,627128.9618
2018-07-01,4.35,74.25,9.5,100.67,3278790.544,798098.3443,0.49503464135411956,7,74.4,76.8,71.96,66.15,65.32,68.97,9.5,9.5,9.5,10.0,10.0,10.0,101.0,100.66,100.61,101.18,101.4,102.92,3.8372435895972723,2.1873791958914257,1.2985857006770907,0.3928888268619257,-0.0854435183593627,-0.14992046890768274,783636.6299,815562.3716,824430.06,803349.4783,636092.8439,634904.5019
2018-08-01,4.04,72.53,9.0,100.61,3259724.889,774093.3723,-0.5814843840784345,8,74.25,74.4,76.8,71.96,66.15,65.32,9.5,9.5,9.5,9.5,10.0,10.0,100.67,101.0,100.66,100.61,101.18,101.4,0.49503464135411956,3.8372435895972723,2.1873791958914257,1.2985857006770907,0.3928888268619257,-0.0854435183593627,798098.3443,783636.6299,815562.3716,824430.06,803349.4783,636092.8439
2018-09-01,5.7,78.89,9.0,100.83,3261080.887,768313.403,0.04159854117062878,9,72.53,74.25,74.4,76.8,71.96,66.15,9.0,9.5,9.5,9.5,9.5,10.0,100.61,100.67,101.0,100.66,100.61,101.18,-0.5814843840784345,0.49503464135411956,3.8372435895972723,2.1873791958914257,1.2985857006770907,0.3928888268619257,774093.3723,798098.3443,783636.6299,815562.3716,824430.06,803349.4783
2018-10-01,5.53,81.03,9.0,101.08,3273004.124,748913.9451,0.3656222403906284,10,78.89,72.53,74.25,74.4,76.8,71.96,9.0,9.0,9.5,9.5,9.5,9.5,100.83,100.61,100.67,101.0,100.66,100.61,0.04159854117062878,-0.5814843840784345,0.49503464135411956,3.8372435895972723,2.1873791958914257,1.2985857006770907,768313.403,774093.3723,798098.3443,783636.6299,815562.3716,824430.06
2018-11-01,5.58,64.75,9.0,102.36,3269041.384,731541.5446,-0.12107348019949615,11,81.03,78.89,72.53,74.25,74.4,76.8,9.0,9.0,9.0,9.5,9.5,9.5,101.08,100.83,100.61,100.67,101.0,100.66,0.3656222403906284,0.04159854117062878,-0.5814843840784345,0.49503464135411956,3.8372435895972723,2.1873791958914257,748913.9451,768313.403,774093.3723,798098.3443,783636.6299,815562.3716
2018-12-01,5.71,56.29,9.0,102.29,3337832.418,739491.8687,2.1043182364313573,12,64.75,81.03,78.89,72.53,74.25,74.4,9.0,9.0,9.0,9.0,9.5,9.5,102.36,101.08,100.83,100.61,100.67,101.0,-0.12107348019949615,0.3656222403906284,0.04159854117062878,-0.5814843840784345,0.49503464135411956,3.8372435895972723,731541.5446,748913.9451,768313.403,774093.3723,798098.3443,783636.6299
2019-01-01,4.7,59.13,9.0,101.58,3344283.071,749273.3639,0.19325874376476815,1,56.29,64.75,81.03,78.89,72.53,74.25,9.0,9.0,9.0,9.0,9.0,9.5,102.29,102.36,101.08,100.83,100.61,100.67,2.1043182364313573,-0.12107348019949615,0.3656222403906284,0.04159854117062878,-0.5814843840784345,0.49503464135411956,739491.8687,731541.5446,748913.9451,768313.403,774093.3723,798098.3443
2019-02-01,4.14,63.96,9.0,100.23,3333476.409,745634.5016,-0.32313837586627203,2,59.13,56.29,64.75,81.03,78.89,72.53,9.0,9.0,9.0,9.0,9.0,9.0,101.58,102.29,102.36,101.08,100.83,100.61,0.19325874376476815,2.1043182364313573,-0.12107348019949615,0.3656222403906284,0.04159854117062878,-0.5814843840784345,749273.3639,739491.8687,731541.5446,748913.9451,768313.403,774093.3723
2019-03-01,4.35,66.14,9.0,100.36,3415324.262,747472.9812,2.4553302005984046,3,63.96,59.13,56.29,64.75,81.03,78.89,9.0,9.0,9.0,9.0,9.0,9.0,100.23,101.58,102.29,102.36,101.08,100.83,-0.32313837586627203,0.19325874376476815,2.1043182364313573,-0.12107348019949615,0.3656222403906284,0.04159854117062878,745634.5016,749273.3639,739491.8687,731541.5446,748913.9451,768313.403
2019-04-01,6.58,71.21,9.0,101.07,3404388.175,742590.1021,-0.32020640387440125,4,66.14,63.96,59.13,56.29,64.75,81.03,9.0,9.0,9.0,9.0,9.0,9.0,100.36,100.23,101.58,102.29,102.36,101.08,2.4553302005984046,-0.32313837586627203,0.19325874376476815,2.1043182364313573,-0.12107348019949615,0.3656222403906284,747472.9812,745634.5016,749273.3639,739491.8687,731541.5446,748913.9451
2019-04-01,6.58,71.21,9.0,101.07,3404388.175,742590.1021,0.0,4,71.21,66.14,63.96,59.13,56.29,64.75,9.0,9.0,9.0,9.0,9.0,9.0,101.07,100.36,100.23,101.58,102.29,102.36,-0.32020640387440125,2.4553302005984046,-0.32313837586627203,0.19325874376476815,2.1043182364313573,-0.12107348019949615,742590.1021,747472.9812,745634.5016,749273.3639,739491.8687,731541.5446
2019-05-01,4.49,71.22,9.0,101.15,3416235.518,953269.9201,0.34800211935293035,5,71.21,71.21,66.14,63.96,59.13,56.29,9.0,9.0,9.0,9.0,9.0,9.0,101.07,101.07,100.36,100.23,101.58,102.29,0.0,-0.32020640387440125,2.4553302005984046,-0.32313837586627203,0.19325874376476815,2.1043182364313573,742590.1021,742590.1021,747472.9812,745634.5016,749273.3639,739491.8687
2019-06-01,5.7,64.22,9.0,101.69,3564230.074,940989.7896,4.332094646877316,6,71.22,71.21,71.21,66.14,63.96,59.13,9.0,9.0,9.0,9.0,9.0,9.0,101.15,101.07,101.07,100.36,100.23,101.58,0.34800211935293035,0.0,-0.32020640387440125,2.4553302005984046,-0.32313837586627203,0.19325874376476815,953269.9201,742590.1021,742590.1021,747472.9812,745634.5016,749273.3639
2019-07-01,6.27,63.92,9.0,103.16,3509434.752,925471.4834,-1.5373677024868804,7,64.22,71.22,71.21,71.21,66.14,63.96,9.0,9.0,9.0,9.0,9.0,9.0,101.69,101.15,101.07,101.07,100.36,100.23,4.332094646877316,0.34800211935293035,0.0,-0.32020640387440125,2.4553302005984046,-0.32313837586627203,940989.7896,953269.9201,742590.1021,742590.1021,747472.9812,745634.5016
2019-08-01,5.0,59.04,9.0,103.3,3465475.47,891880.1171,-1.2526029148981266,8,63.92,64.22,71.22,71.21,71.21,66.14,9.0,9.0,9.0,9.0,9.0,9.0,103.16,101.69,101.15,101.07,101.07,100.36,-1.5373677024868804,4.332094646877316,0.34800211935293035,0.0,-0.32020640387440125,2.4553302005984046,925471.4834,940989.7896,953269.9201,742590.1021,742590.1021,747472.9812
2019-09-01,3.83,62.83,9.0,103.8,3473390.297,871511.1532,0.22839079567917864,9,59.04,63.92,64.22,71.22,71.21,71.21,9.0,9.0,9.0,9.0,9.0,9.0,103.3,103.16,101.69,101.15,101.07,101.07,-1.2526029148981266,-1.5373677024868804,4.332094646877316,0.34800211935293035,0.0,-0.32020640387440125,891880.1171,925471.4834,940989.7896,953269.9201,742590.1021,742590.1021
2019-10-01,4.95,59.71,9.0,103.67,3517540.307,860822.6884,1.2710926853838789,10,62.83,59.04,63.92,64.22,71.22,71.21,9.0,9.0,9.0,9.0,9.0,9.0,103.8,103.3,103.16,101.69,101.15,101.07,0.22839079567917864,-1.2526029148981266,-1.5373677024868804,4.332094646877316,0.34800211935293035,0.0,871511.1532,891880.1171,925471.4834,940989.7896,953269.9201,742590.1021
2019-11-01,5.56,63.21,9.0,102.39,3461977.817,839402.9456,-1.5795836053229984,11,59.71,62.83,59.04,63.92,64.22,71.22,9.0,9.0,9.0,9.0,9.0,9.0,103.67,103.8,103.3,103.16,101.69,101.15,1.2710926853838789,0.22839079567917864,-1.2526029148981266,-1.5373677024868804,4.332094646877316,0.34800211935293035,860822.6884,871511.1532,891880.1171,925471.4834,940989.7896,953269.9201
2019-12-01,5.82,67.31,8.5,101.5,3524026.201,833302.2667,1.7922813859555076,12,63.21,59.71,62.83,59.04,63.92,64.22,9.0,9.0,9.0,9.0,9.0,9.0,102.39,103.67,103.8,103.3,103.16,101.69,-1.5795836053229984,1.2710926853838789,0.22839079567917864,-1.2526029148981266,-1.5373677024868804,4.332094646877316,839402.9456,860822.6884,871511.1532,891880.1171,925471.4834,940989.7896
2020-01-01,5.78,63.81,8.5,101.09,3527004.544,800757.1636,0.08451534779041481,1,67.31,63.21,59.71,62.83,59.04,63.92,8.5,9.0,9.0,9.0,9.0,9.0,101.5,102.39,103.67,103.8,103.3,103.16,1.7922813859555076,-1.5795836053229984,1.2710926853838789,0.22839079567917864,-1.2526029148981266,-1.5373677024868804,833302.2667,839402.9456,860822.6884,871511.1532,891880.1171,925471.4834
2020-02-01,7.17,55.66,8.25,100.79,3596049.958,792197.5326,1.9576219179376242,2,63.81,67.31,63.21,59.71,62.83,59.04,8.5,8.5,9.0,9.0,9.0,9.0,101.09,101.5,102.39,103.67,103.8,103.3,0.08451534779041481,1.7922813859555076,-1.5795836053229984,1.2710926853838789,0.22839079567917864,-1.2526029148981266,800757.1636,833302.2667,839402.9456,860822.6884,871511.1532,891880.1171
2020-03-01,5.84,32.01,8.25,103.74,3661010.712,800576.2808,1.8064474842871325,3,55.66,63.81,67.31,63.21,59.71,62.83,8.25,8.5,8.5,9.0,9.0,9.0,100.79,101.09,101.5,102.39,103.67,103.8,1.9576219179376242,0.08451534779041481,1.7922813859555076,-1.5795836053229984,1.2710926853838789,0.22839079567917864,792197.5326,800757.1636,833302.2667,839402.9456,860822.6884,871511.1532
2020-04-01,6.01,18.62,7.25,106.41,3695952.976,794563.5895,0.954443096423252,4,32.01,55.66,63.81,67.31,63.21,59.71,8.25,8.25,8.5,8.5,9.0,9.0,103.74,100.79,101.09,101.5,102.39,103.67,1.8064474842871325,1.9576219179376242,0.08451534779041481,1.7922813859555076,-1.5795836053229984,1.2710926853838789,800576.2808,792197.5326,800757.1636,833302.2667,839402.9456,860822.6884
2020-05-01,5.33,29.38,7.0,106.68,3752780.94,862095.7619,1.5375727009790952,5,18.62,32.01,55.66,63.81,67.31,63.21,7.25,8.25,8.25,8.5,8.5,9.0,106.41,103.74,100.79,101.09,101.5,102.39,0.954443096423252,1.8064474842871325,1.9576219179376242,0.08451534779041481,1.7922813859555076,-1.5795836053229984,794563.5895,800576.2808,792197.5326,800757.1636,833302.2667,839402.9456
2020-06-01,4.59,40.27,7.0,106.4,3890001.163,918089.1322,3.6564943489614032,6,29.38,18.62,32.01,55.66,63.81,67.31,7.0,7.25,8.25,8.25,8.5,8.5,106.68,106.41,103.74,100.79,101.09,101.5,1.5375727009790952,0.954443096423252,1.8064474842871325,1.9576219179376242,0.08451534779041481,1.7922813859555076,862095.7619,794563.5895,800576.2808,792197.5326,800757.1636,833302.2667
2020-07-01,4.36,43.24,7.0,107.27,3904427.581,886432.6337,0.37085896367377025,7,40.27,29.38,18.62,32.01,55.66,63.81,7.0,7.0,7.25,8.25,8.25,8.5,106.4,106.68,106.41,103.74,100.79,101.09,3.6564943489614032,1.5375727009790952,0.954443096423252,1.8064474842871325,1.9576219179376242,0.08451534779041481,918089.1322,862095.7619,794563.5895,800576.2808,792197.5326,800757.1636
2020-08-01,4.36,44.77,7.0,108.14,3846970.972,842870.9515,-1.4715757382618433,8,43.24,40.27,29.38,18.62,32.01,55.66,7.0,7.0,7.0,7.25,8.25,8.25,107.27,106.4,106.68,106.41,103.74,100.79,0.37085896367377025,3.6564943489614032,1.5375727009790952,0.954443096423252,1.8064474842871325,1.9576219179376242,886432.6337,918089.1322,862095.7619,794563.5895,800576.2808,792197.5326
2020-09-01,4.2,40.91,7.0,108.41,3843499.669,804898.8466,-0.09023470739096817,9,44.77,43.24,40.27,29.38,18.62,32.01,7.0,7.0,7.0,7.0,7.25,8.25,108.14,107.27,106.4,106.68,106.41,103.74,-1.4715757382618433,0.37085896367377025,3.6564943489614032,1.5375727009790952,0.954443096423252,1.8064474842871325,842870.9515,886432.6337,918089.1322,862095.7619,794563.5895,800576.2808
2020-10-01,4.84,40.19,7.0,108.64,3922749.634,762275.0225,2.0619219936246047,10,40.91,44.77,43.24,40.27,29.38,18.62,7.0,7.0,7.0,7.0,7.0,7.25,108.41,108.14,107.27,106.4,106.68,106.41,-0.09023470739096817,-1.4715757382618433,0.37085896367377025,3.6564943489614032,1.5375727009790952,0.954443096423252,804898.8466,842870.9515,886432.6337,918089.1322,862095.7619,794563.5895
2020-11-01,5.33,42.69,7.0,109.25,3952313.303,753579.1178,0.7536465938014381,11,40.19,40.91,44.77,43.24,40.27,29.38,7.0,7.0,7.0,7.0,7.0,7.0,108.64,108.41,108.14,107.27,106.4,106.68,2.0619219936246047,-0.09023470739096817,-1.4715757382618433,0.37085896367377025,3.6564943489614032,1.5375727009790952,762275.0225,804898.8466,842870.9515,886432.6337,918089.1322,862095.7619
2020-12-01,5.62,50.03,7.0,110.59,3990900.744,738484.7782,0.9763254590851922,12,42.69,40.19,40.91,44.77,43.24,40.27,7.0,7.0,7.0,7.0,7.0,7.0,109.25,108.64,108.41,108.14,107.27,106.4,0.7536465938014381,2.0619219936246047,-0.09023470739096817,-1.4715757382618433,0.37085896367377025,3.6564943489614032,753579.1178,762275.0225,804898.8466,842870.9515,886432.6337,918089.1322
2021-01-01,5.69,54.58,7.0,109.83,3992884.527,724804.1766,0.04970765065961391,1,50.03,42.69,40.19,40.91,44.77,43.24,7.0,7.0,7.0,7.0,7.0,7.0,110.59,109.25,108.64,108.41,108.14,107.27,0.9763254590851922,0.7536465938014381,2.0619219936246047,-0.09023470739096817,-1.4715757382618433,0.37085896367377025,738484.7782,753579.1178,762275.0225,804898.8466,842870.9515,886432.6337
2021-02-01,5.78,62.28,7.0,109.68,4042988.935,703249.2102,1.2548423993028912,2,54.58,50.03,42.69,40.19,40.91,44.77,7.0,7.0,7.0,7.0,7.0,7.0,109.83,110.59,109.25,108.64,108.41,108.14,0.04970765065961391,0.9763254590851922,0.7536465938014381,2.0619219936246047,-0.09023470739096817,-1.4715757382618433,724804.1766,738484.7782,753579.1178,762275.0225,804898.8466,842870.9515
2021-03-01,5.9,65.41,7.0,109.73,4029991.96,690710.9537,-0.3214694674894103,3,62.28,54.58,50.03,42.69,40.19,40.91,7.0,7.0,7.0,7.0,7.0,7.0,109.68,109.83,110.59,109.25,108.64,108.41,1.2548423993028912,0.04970765065961391,0.9763254590851922,0.7536465938014381,2.0619219936246047,-0.09023470739096817,703249.2102,724804.1766,738484.7782,753579.1178,762275.0225,804898.8466
2021-04-01,5.76,64.61,7.0,107.95,4040835.207,660388.1279,0.2690637377847249,4,65.41,62.28,54.58,50.03,42.69,40.19,7.0,7.0,7.0,7.0,7.0,7.0,109.73,109.68,109.83,110.59,109.25,108.64,-0.3214694674894103,1.2548423993028912,0.04970765065961391,0.9763254590851922,0.7536465938014381,2.0619219936246047,690710.9537,703249.2102,724804.1766,738484.7782,753579.1178,762275.0225
2021-05-01,5.87,68.58,7.0,107.43,4039609.05,654818.6186,-0.030344147612748618,5,64.61,65.41,62.28,54.58,50.03,42.69,7.0,7.0,7.0,7.0,7.0,7.0,107.95,109.73,109.68,109.83,110.59,109.25,0.2690637377847249,-0.3214694674894103,1.2548423993028912,0.04970765065961391,0.9763254590851922,0.7536465938014381,660388.1279,690710.9537,703249.2102,724804.1766,738484.7782,753579.1178
2021-06-01,6.32,73.16,7.0,107.81,4137813.313,835820.3872,2.43103383977219,6,68.58,64.61,65.41,62.28,54.58,50.03,7.0,7.0,7.0,7.0,7.0,7.0,107.43,107.95,109.73,109.68,109.83,110.59,-0.030344147612748618,0.2690637377847249,-0.3214694674894103,1.2548423993028912,0.04970765065961391,0.9763254590851922,654818.6186,660388.1279,690710.9537,703249.2102,724804.1766,738484.7782
2021-07-01,6.55,75.17,7.0,108.14,4174643.967,823995.8067,0.8900994610918644,7,73.16,68.58,64.61,65.41,62.28,54.58,7.0,7.0,7.0,7.0,7.0,7.0,107.81,107.43,107.95,109.73,109.68,109.83,2.43103383977219,-0.030344147612748618,0.2690637377847249,-0.3214694674894103,1.2548423993028912,0.04970765065961391,835820.3872,654818.6186,660388.1279,690710.9537,703249.2102,724804.1766
2021-08-01,6.57,70.84,7.0,109.24,4233436.648,776297.8413,1.4083280266472542,8,75.17,73.16,68.58,64.61,65.41,62.28,7.0,7.0,7.0,7.0,7.0,7.0,108.14,107.81,107.43,107.95,109.73,109.68,0.8900994610918644,2.43103383977219,-0.030344147612748618,0.2690637377847249,-0.3214694674894103,1.2548423993028912,823995.8067,835820.3872,654818.6186,660388.1279,690710.9537,703249.2102
2021-09-01,6.91,74.49,7.0,110.15,4177661.064,760772.8987,-1.3175013266432223,9,70.84,75.17,73.16,68.58,64.61,65.41,7.0,7.0,7.0,7.0,7.0,7.0,109.24,108.14,107.81,107.43,107.95,109.73,1.4083280266472542,0.8900994610918644,2.43103383977219,-0.030344147612748618,0.2690637377847249,-0.3214694674894103,776297.8413,823995.8067,835820.3872,654818.6186,660388.1279,690710.9537
2021-10-01,6.45,83.54,7.0,110.86,4210912.194,735169.1025,0.7959269431054183,10,74.49,70.84,75.17,73.16,68.58,64.61,7.0,7.0,7.0,7.0,7.0,7.0,110.15,109.24,108.14,107.81,107.43,107.95,-1.3175013266432223,1.4083280266472542,0.8900994610918644,2.43103383977219,-0.030344147612748618,0.2690637377847249,760772.8987,776297.8413,823995.8067,835820.3872,654818.6186,660388.1279
2021-11-01,5.8,81.05,7.0,111.92,4234003.691,710374.7671,0.5483727975354569,11,83.54,74.49,70.84,75.17,73.16,68.58,7.0,7.0,7.0,7.0,7.0,7.0,110.86,110.15,109.24,108.14,107.81,107.43,0.7959269431054183,-1.3175013266432223,1.4083280266472542,0.8900994610918644,2.43103383977219,-0.030344147612748618,735169.1025,760772.8987,776297.8413,823995.8067,835820.3872,654818.6186
2021-12-01,5.73,74.41,7.0,112.91,4235224.175,700572.1886,0.028825766085049942,12,81.05,83.54,74.49,70.84,75.17,73.16,7.0,7.0,7.0,7.0,7.0,7.0,111.92,110.86,110.15,109.24,108.14,107.81,0.5483727975354569,0.7959269431054183,-1.3175013266432223,1.4083280266472542,0.8900994610918644,2.43103383977219,710374.7671,735169.1025,760772.8987,776297.8413,823995.8067,835820.3872
2022-01-01,5.39,86.51,7.0,113.38,4179291.356,645295.5147,-1.320657813821613,1,74.41,81.05,83.54,74.49,70.84,75.17,7.0,7.0,7.0,7.0,7.0,7.0,112.91,111.92,110.86,110.15,109.24,108.14,0.028825766085049942,0.5483727975354569,0.7959269431054183,-1.3175013266432223,1.4083280266472542,0.8900994610918644,700572.1886,710374.7671,735169.1025,760772.8987,776297.8413,823995.8067
2022-02-01,5.08,97.13,7.0,113.66,4220712.811,612820.9343,0.9911119247652644,2,86.51,74.41,81.05,83.54,74.49,70.84,7.0,7.0,7.0,7.0,7.0,7.0,113.38,112.91,111.92,110.86,110.15,109.24,-1.320657813821613,0.028825766085049942,0.5483727975354569,0.7959269431054183,-1.3175013266432223,1.4083280266472542,645295.5147,700572.1886,710374.7671,735169.1025,760772.8987,776297.8413
2022-03-01,5.56,117.25,7.0,114.32,4221242.781,600790.244,0.01255640987036788,3,97.13,86.51,74.41,81.05,83.54,74.49,7.0,7.0,7.0,7.0,7.0,7.0,113.66,113.38,112.91,111.92,110.86,110.15,0.9911119247652644,-1.320657813821613,0.028825766085049942,0.5483727975354569,0.7959269431054183,-1.3175013266432223,612820.9343,645295.5147,700572.1886,710374.7671,735169.1025,760772.8987
2022-04-01,6.47,104.92,7.0,115.4,4318285.004,678668.8791,2.2989017224214203,4,117.25,97.13,86.51,74.41,81.05,83.54,7.0,7.0,7.0,7.0,7.0,7.0,114.32,113.66,113.38,112.91,111.92,110.86,0.01255640987036788,0.9911119247652644,-1.320657813821613,0.028825766085049942,0.5483727975354569,0.7959269431054183,600790.244,612820.9343,645295.5147,700572.1886,710374.7671,735169.1025
2022-05-01,7.08,113.03,7.0,116.28,4312331.366,660423.3039,-0.13787042759995094,5,104.92,117.25,97.13,86.51,74.41,81.05,7.0,7.0,7.0,7.0,7.0,7.0,115.4,114.32,113.66,113.38,112.91,111.92,2.2989017224214203,0.01255640987036788,0.9911119247652644,-1.320657813821613,0.028825766085049942,0.5483727975354569,678668.8791,600790.244,612820.9343,645295.5147,700572.1886,710374.7671
2022-06-01,7.91,122.77,7.5,117.29,4443011.81,641500.9898,3.0303896641693973,6,113.03,104.92,117.25,97.13,86.51,74.41,7.0,7.0,7.0,7.0,7.0,7.0,116.28,115.4,114.32,113.66,113.38,112.91,-0.13787042759995094,2.2989017224214203,0.01255640987036788,0.9911119247652644,-1.320657813821613,0.028825766085049942,660423.3039,678668.8791,600790.244,612820.9343,645295.5147,700572.1886
2022-07-01,8.32,111.93,7.5,118.32,4491450.101,592746.5213,1.0902129697467622,7,122.77,113.03,104.92,117.25,97.13,86.51,7.5,7.0,7.0,7.0,7.0,7.0,117.29,116.28,115.4,114.32,113.66,113.38,3.0303896641693973,-0.13787042759995094,2.2989017224214203,0.01255640987036788,0.9911119247652644,-1.320657813821613,641500.9898,660423.3039,678668.8791,600790.244,612820.9343,645295.5147
2022-08-01,8.53,100.44,7.5,119.45,4449190.874,563145.1202,-0.9408815872315124,8,111.93,122.77,113.03,104.92,117.25,97.13,7.5,7.5,7.0,7.0,7.0,7.0,118.32,117.29,116.28,115.4,114.32,113.66,1.0902129697467622,3.0303896641693973,-0.13787042759995094,2.2989017224214203,0.01255640987036788,0.9911119247652644,592746.5213,641500.9898,660423.3039,678668.8791,600790.244,612820.9343
2022-09-01,9.18,89.75,7.5,120.42,4430429.801,568821.7913,-0.42167381735935816,9,100.44,111.93,122.77,113.03,104.92,117.25,7.5,7.5,7.5,7.0,7.0,7.0,119.45,118.32,117.29,116.28,115.4,114.32,-0.9408815872315124,1.0902129697467622,3.0303896641693973,-0.13787042759995094,2.2989017224214203,0.01255640987036788,563145.1202,592746.5213,641500.9898,660423.3039,678668.8791,600790.244
2022-10-01,9.59,93.33,8.25,121.03,4428334.42,565172.7526,-0.04729520823300026,10,89.75,100.44,111.93,122.77,113.03,104.92,7.5,7.5,7.5,7.5,7.0,7.0,120.42,119.45,118.32,117.29,116.28,115.4,-0.42167381735935816,-0.9408815872315124,1.0902129697467622,3.0303896641693973,-0.13787042759995094,2.2989017224214203,568821.7913,563145.1202,592746.5213,641500.9898,660423.3039,678668.8791
2022-11-01,9.48,91.42,8.25,121.9,4460185.039,531672.2713,0.7192460184612726,11,93.33,89.75,100.44,111.93,122.77,113.03,8.25,7.5,7.5,7.5,7.5,7.0,121.03,120.42,119.45,118.32,117.29,116.28,-0.04729520823300026,-0.42167381735935816,-0.9408815872315124,1.0902129697467622,3.0303896641693973,-0.13787042759995094,565172.7526,568821.7913,563145.1202,592746.5213,641500.9898,660423.3039
2022-12-01,9.06,81.03,8.75,122.93,4538504.396,537831.6069,1.755966542086762,12,91.42,93.33,89.75,100.44,111.93,122.77,8.25,8.25,7.5,7.5,7.5,7.5,121.9,121.03,120.42,119.45,118.32,117.29,0.7192460184612726,-0.04729520823300026,-0.42167381735935816,-0.9408815872315124,1.0902129697467622,3.0303896641693973,531672.2713,565172.7526,568821.7913,563145.1202,592746.5213,641500.9898
2023-01-01,8.98,82.46,8.75,123.93,4564232.229,474614.6457,0.5668791027871656,1,81.03,91.42,93.33,89.75,100.44,111.93,8.75,8.25,8.25,7.5,7.5,7.5,122.93,121.9,121.03,120.42,119.45,118.32,1.755966542086762,0.7192460184612726,-0.04729520823300026,-0.42167381735935816,-0.9408815872315124,1.0902129697467622,537831.6069,531672.2713,565172.7526,568821.7913,563145.1202,592746.5213
2023-02-01,9.23,82.58,8.75,125.45,4593219.919,449257.9521,0.635105501771327,2,82.46,81.03,91.42,93.33,89.75,100.44,8.75,8.75,8.25,8.25,7.5,7.5,123.93,122.93,121.9,121.03,120.42,119.45,0.5668791027871656,1.755966542086762,0.7192460184612726,-0.04729520823300026,-0.42167381735935816,-0.9408815872315124,474614.6457,537831.6069,531672.2713,565172.7526,568821.7913,563145.1202
2023-03-01,9.19,78.43,8.75,129.74,4668728.433,433570.3712,1.6439124477288125,3,82.58,82.46,81.03,91.42,93.33,89.75,8.75,8.75,8.75,8.25,8.25,7.5,125.45,123.93,122.93,121.9,121.03,120.42,0.635105501771327,0.5668791027871656,1.755966542086762,0.7192460184612726,-0.04729520823300026,-0.42167381735935816,449257.9521,474614.6457,537831.6069,531672.2713,565172.7526,568821.7913
2023-04-01,7.9,84.87,9.5,134.4,4724273.906,461912.2717,1.1897345025979167,4,78.43,82.58,82.46,81.03,91.42,93.33,8.75,8.75,8.75,8.75,8.25,8.25,129.74,125.45,123.93,122.93,121.9,121.03,1.6439124477288125,0.635105501771327,0.5668791027871656,1.755966542086762,0.7192460184612726,-0.04729520823300026,433570.3712,449257.9521,474614.6457,537831.6069,531672.2713,565172.7526
2023-05-01,8.03,75.65,9.5,137.26,4761229.84,470392.1792,0.7822563791880066,5,84.87,78.43,82.58,82.46,81.03,91.42,9.5,8.75,8.75,8.75,8.75,8.25,134.4,129.74,125.45,123.93,122.93,121.9,1.1897345025979167,1.6439124477288125,0.635105501771327,0.5668791027871656,1.755966542086762,0.7192460184612726,461912.2717,433570.3712,449257.9521,474614.6457,537831.6069,531672.2713
2023-06-01,7.88,74.84,9.5,139.73,5037383.695,616870.1336,5.8000530173943465,6,75.65,84.87,78.43,82.58,82.46,81.03,9.5,9.5,8.75,8.75,8.75,8.75,137.26,134.4,129.74,125.45,123.93,122.93,0.7822563791880066,1.1897345025979167,1.6439124477288125,0.635105501771327,0.5668791027871656,1.755966542086762,470392.1792,461912.2717,433570.3712,449257.9521,474614.6457,537831.6069
2023-07-01,7.28,80.11,10.5,141.45,5133091.706,562967.5865,1.8999547541911133,7,74.84,75.65,84.87,78.43,82.58,82.46,9.5,9.5,9.5,8.75,8.75,8.75,139.73,137.26,134.4,129.74,125.45,123.93,5.8000530173943465,0.7822563791880066,1.1897345025979167,1.6439124477288125,0.635105501771327,0.5668791027871656,616870.1336,470392.1792,461912.2717,433570.3712,449257.9521,474614.6457
2023-08-01,6.73,86.14,10.5,143.93,5229795.696,519185.0397,1.8839326382375843,8,80.11,74.84,75.65,84.87,78.43,82.58,10.5,9.5,9.5,9.5,8.75,8.75,141.45,139.73,137.26,134.4,129.74,125.45,1.8999547541911133,5.8000530173943465,0.7822563791880066,1.1897345025979167,1.6439124477288125,0.635105501771327,562967.5865,616870.1336,470392.1792,461912.2717,433570.3712,449257.9521
2023-09-01,6.78,93.72,10.5,146.77,5295867.145,516225.4622,1.2633657764209438,9,86.14,80.11,74.84,75.65,84.87,78.43,10.5,10.5,9.5,9.5,9.5,8.75,143.93,141.45,139.73,137.26,134.4,129.74,1.8839326382375843,1.8999547541911133,5.8000530173943465,0.7822563791880066,1.1897345025979167,1.6439124477288125,519185.0397,562967.5865,616870.1336,470392.1792,461912.2717,433570.3712
2023-10-01,6.92,90.6,10.5,149.4,5333293.638,511540.49,0.7067113274421333,10,93.72,86.14,80.11,74.84,75.65,84.87,10.5,10.5,10.5,9.5,9.5,9.5,146.77,143.93,141.45,139.73,137.26,134.4,1.2633657764209438,1.8839326382375843,1.8999547541911133,5.8000530173943465,0.7822563791880066,1.1897345025979167,516225.4622,519185.0397,562967.5865,616870.1336,470392.1792,461912.2717
2023-11-01,6.8,82.94,10.5,152.03,5402579.233,497148.5385,1.2991145753973976,11,90.6,93.72,86.14,80.11,74.84,75.65,10.5,10.5,10.5,10.5,9.5,9.5,149.4,146.77,143.93,141.45,139.73,137.26,0.7067113274421333,1.2633657764209438,1.8839326382375843,1.8999547541911133,5.8000530173943465,0.7822563791880066,511540.49,516225.4622,519185.0397,562967.5865,616870.1336,470392.1792
2023-12-01,6.63,77.91,10.5,154.09,5498573.198,486883.7825,1.776817347048798,12,82.94,90.6,93.72,86.14,80.11,74.84,10.5,10.5,10.5,10.5,10.5,9.5,152.03,149.4,146.77,143.93,141.45,139.73,1.2991145753973976,0.7067113274421333,1.2633657764209438,1.8839326382375843,1.8999547541911133,5.8000530173943465,497148.5385,511540.49,516225.4622,519185.0397,562967.5865,616870.1336
2024-01-01,6.85,79.99,12.5,159.69,5549966.885,480655.8531,0.9346731442748446,1,77.91,82.94,90.6,93.72,86.14,80.11,10.5,10.5,10.5,10.5,10.5,10.5,154.09,152.03,149.4,146.77,143.93,141.45,1.776817347048798,1.2991145753973976,0.7067113274421333,1.2633657764209438,1.8839326382375843,1.8999547541911133,486883.7825,497148.5385,511540.49,516225.4622,519185.0397,562967.5865
2024-02-01,6.31,83.48,12.5,151.84,5432218.908,413070.1661,-2.1215978300382243,2,79.99,77.91,82.94,90.6,93.72,86.14,12.5,10.5,10.5,10.5,10.5,10.5,159.69,154.09,152.03,149.4,146.77,143.93,0.9346731442748446,1.776817347048798,1.2991145753973976,0.7067113274421333,1.2633657764209438,1.8839326382375843,480655.8531,486883.7825,497148.5385,511540.49,516225.4622,519185.0397
2024-03-01,5.7,85.47,13.0,137.35,5204434.189,387443.7902,-4.193216857747439,3,83.48,79.99,77.91,82.94,90.6,93.72,12.5,12.5,10.5,10.5,10.5,10.5,151.84,159.69,154.09,152.03,149.4,146.77,-2.1215978300382243,0.9346731442748446,1.776817347048798,1.2991145753973976,0.7067113274421333,1.2633657764209438,413070.1661,480655.8531,486883.7825,497148.5385,511540.49,516225.4622
2024-04-01,5.0,89.81,13.0,131.57,5241132.47,402343.1913,0.7051348843561955,4,85.47,83.48,79.99,77.91,82.94,90.6,13.0,12.5,12.5,10.5,10.5,10.5,137.35,151.84,159.69,154.09,152.03,149.4,-4.193216857747439,-2.1215978300382243,0.9346731442748446,1.776817347048798,1.2991145753973976,0.7067113274421333,387443.7902,413070.1661,480655.8531,486883.7825,497148.5385,511540.49
2024-05-01,5.1,81.74,13.0,131.69,5253269.6,373388.1989,0.23157457037141782,5,89.81,85.47,83.48,79.99,77.91,82.94,13.0,13.0,12.5,12.5,10.5,10.5,131.57,137.35,151.84,159.69,154.09,152.03,0.7051348843561955,-4.193216857747439,-2.1215978300382243,0.9346731442748446,1.776817347048798,1.2991145753973976,402343.1913,387443.7902,413070.1661,480655.8531,486883.7825,497148.5385
2024-06-01,6.22,82.25,13.0,129.36,5381315.185,479186.2089,2.437445529161497,6,81.74,89.81,85.47,83.48,79.99,77.91,13.0,13.0,13.0,12.5,12.5,10.5,131.69,131.57,137.35,151.84,159.69,154.09,0.23157457037141782,0.7051348843561955,-4.193216857747439,-2.1215978300382243,0.9346731442748446,1.776817347048798,373388.1989,402343.1913,387443.7902,413070.1661,480655.8531,486883.7825
2024-07-01,4.31,85.15,13.0,129.87,5424926.413,418389.7775,0.8104195071413578,7,82.25,81.74,89.81,85.47,83.48,79.99,13.0,13.0,13.0,13.0,12.5,12.5,129.36,131.69,131.57,137.35,151.84,159.69,2.437445529161497,0.23157457037141782,0.7051348843561955,-4.193216857747439,-2.1215978300382243,0.9346731442748446,479186.2089,373388.1989,402343.1913,387443.7902,413070.1661,480655.8531
2024-08-01,4.36,80.38,13.0,129.32,5404500.508,406464.2371,-0.37651948515009526,8,85.15,82.25,81.74,89.81,85.47,83.48,13.0,13.0,13.0,13.0,13.0,12.5,129.87,129.36,131.69,131.57,137.35,151.84,0.8104195071413578,2.437445529161497,0.23157457037141782,0.7051348843561955,-4.193216857747439,-2.1215978300382243,418389.7775,479186.2089,373388.1989,402343.1913,387443.7902,413070.1661
2024-09-01,3.56,74.02,12.75,129.2,5381431.582,472068.39,-0.4268465876883898,9,80.38,85.15,82.25,81.74,89.81,85.47,13.0,13.0,13.0,13.0,13.0,13.0,129.32,129.87,129.36,131.69,131.57,137.35,-0.37651948515009526,0.8104195071413578,2.437445529161497,0.23157457037141782,0.7051348843561955,-4.193216857747439,406464.2371,418389.7775,479186.2089,373388.1989,402343.1913,387443.7902
2024-10-01,2.72,75.63,12.75,129.2,5374293.841,567929.0195,-0.13263647212156116,10,74.02,80.38,85.15,82.25,81.74,89.81,12.75,13.0,13.0,13.0,13.0,13.0,129.2,129.32,129.87,129.36,131.69,131.57,-0.4268465876883898,-0.37651948515009526,0.8104195071413578,2.437445529161497,0.23157457037141782,0.7051348843561955,472068.39,406464.2371,418389.7775,479186.2089,373388.1989,402343.1913
2024-11-01,2.75,74.35,12.0,129.4,5490321.595,557922.8996,2.1589395264329347,11,75.63,74.02,80.38,85.15,82.25,81.74,12.75,12.75,13.0,13.0,13.0,13.0,129.2,129.2,129.32,129.87,129.36,131.69,-0.13263647212156116,-0.4268465876883898,-0.37651948515009526,0.8104195071413578,2.437445529161497,0.23157457037141782,567929.0195,472068.39,406464.2371,418389.7775,479186.2089,373388.1989
2024-12-01,2.99,73.84,12.0,129.36,5488738.058,610147.0895,-0.028842335965195698,12,74.35,75.63,74.02,80.38,85.15,82.25,12.0,12.75,12.75,13.0,13.0,13.0,129.4,129.2,129.2,129.32,129.87,129.36,2.1589395264329347,-0.13263647212156116,-0.4268465876883898,-0.37651948515009526,0.8104195071413578,2.437445529161497,557922.8996,567929.0195,472068.39,406464.2371,418389.7775,479186.2089
2025-01-01,3.28,79.1,11.25,129.39,5473679.29,562262.6941,-0.2743575634485129,1,73.84,74.35,75.63,74.02,80.38,85.15,12.0,12.0,12.75,12.75,13.0,13.0,129.36,129.4,129.2,129.2,129.32,129.87,-0.028842335965195698,2.1589395264329347,-0.13263647212156116,-0.4268465876883898,-0.37651948515009526,0.8104195071413578,610147.0895,557922.8996,567929.0195,472068.39,406464.2371,418389.7775
2025-02-01,3.45,75.44,11.25,129.3,5503778.602,567854.613,0.5498917712440488,2,79.1,73.84,74.35,75.63,74.02,80.38,11.25,12.0,12.0,12.75,12.75,13.0,129.39,129.36,129.4,129.2,129.2,129.32,-0.2743575634485129,-0.028842335965195698,2.1589395264329347,-0.13263647212156116,-0.4268465876883898,-0.37651948515009526,562262.6941,610147.0895,557922.8996,567929.0195,472068.39,406464.2371
2025-03-01,3.62,72.73,10.75,129.33,5516598.233,682313.9953,0.23292417677087673,3,75.44,79.1,73.84,74.35,75.63,74.02,11.25,11.25,12.0,12.0,12.75,12.75,129.3,129.39,129.36,129.4,129.2,129.2,0.5498917712440488,-0.2743575634485129,-0.028842335965195698,2.1589395264329347,-0.13263647212156116,-0.4268465876883898,567854.613,562262.6941,610147.0895,557922.8996,567929.0195,472068.39
2025-04-01,4.11,68.23,10.75,129.51,5595371.443,656064.3603,1.4279308855370765,4,72.73,75.44,79.1,73.84,74.35,75.63,10.75,11.25,11.25,12.0,12.0,12.75,129.33,129.3,129.39,129.36,129.4,129.2,0.23292417677087673,0.5498917712440488,-0.2743575634485129,-0.028842335965195698,2.1589395264329347,-0.13263647212156116,682313.9953,567854.613,562262.6941,610147.0895,557922.8996,567929.0195
2025-05-01,3.75,64.36,10.0,129.27,5683476.449,742257.8857,1.574605133859741,5,68.23,72.73,75.44,79.1,73.84,74.35,10.75,10.75,11.25,11.25,12.0,12.0,129.51,129.33,129.3,129.39,129.36,129.4,1.4279308855370765,0.23292417677087673,0.5498917712440488,-0.2743575634485129,-0.028842335965195698,2.1589395264329347,656064.3603,682313.9953,567854.613,562262.6941,610147.0895,557922.8996
2025-06-01,3.82,71.44,10.0,129.25,5786468.423,810774.7054,1.8121298631952998,6,64.36,68.23,72.73,75.44,79.1,73.84,10.0,10.75,10.75,11.25,11.25,12.0,129.27,129.51,129.33,129.3,129.39,129.36,1.574605133859741,1.4279308855370765,0.23292417677087673,0.5498917712440488,-0.2743575634485129,-0.028842335965195698,742257.8857,656064.3603,682313.9953,567854.613,562262.6941,610147.0895
2025-07-01,4.15,71.04,9.75,129.24,5806134.568,785020.5312,0.3398643794862988,7,71.44,64.36,68.23,72.73,75.44,79.1,10.0,10.0,10.75,10.75,11.25,11.25,129.25,129.27,129.51,129.33,129.3,129.39,1.8121298631952998,1.574605133859741,1.4279308855370765,0.23292417677087673,0.5498917712440488,-0.2743575634485129,810774.7054,742257.8857,656064.3603,682313.9953,567854.613,562262.6941
2025-08-01,4.53,67.86,9.75,129.24,5759610.518,775367.3865,-0.8012912800266947,8,71.04,71.44,64.36,68.23,72.73,75.44,9.75,10.0,10.0,10.75,10.75,11.25,129.24,129.25,129.27,129.51,129.33,129.3,0.3398643794862988,1.8121298631952998,1.574605133859741,1.4279308855370765,0.23292417677087673,0.5498917712440488,785020.5312,810774.7054,742257.8857,656064.3603,682313.9953,567854.613
2025-09-01,4.58,67.99,9.5,129.24,5761072.586,747132.8223,0.025384841482445353,9,67.86,71.04,71.44,64.36,68.23,72.73,9.75,9.75,10.0,10.0,10.75,10.75,129.24,129.24,129.25,129.27,129.51,129.33,-0.8012912800266947,0.3398643794862988,1.8121298631952998,1.574605133859741,1.4279308855370765,0.23292417677087673,775367.3865,785020.5312,810774.7054,742257.8857,656064.3603,682313.9953
2025-10-01,4.56,64.54,9.5,129.24,5796361.951,869998.2226,0.6125485224011351,10,67.99,67.86,71.04,71.44,64.36,68.23,9.5,9.75,9.75,10.0,10.0,10.75,129.24,129.24,129.24,129.25,129.27,129.51,0.025384841482445353,-0.8012912800266947,0.3398643794862988,1.8121298631952998,1.574605133859741,1.4279308855370765,747132.8223,775367.3865,785020.5312,810774.7054,742257.8857,656064.3603
2025-11-01,4.46,63.8,9.25,129.48,5913633.99,898902.3803,2.023200759223953,11,64.54,67.99,67.86,71.04,71.44,64.36,9.5,9.5,9.75,9.75,10.0,10.0,129.24,129.24,129.24,129.24,129.25,129.27,0.6125485224011351,0.025384841482445353,-0.8012912800266947,0.3398643794862988,1.8121298631952998,1.574605133859741,869998.2226,747132.8223,775367.3865,785020.5312,810774.7054,742257.8857
2025-12-01,4.49,62.62,9.25,129.13,6029344.629,892546.5707,1.9566756954466191,12,63.8,64.54,67.99,67.86,71.04,71.44,9.25,9.5,9.5,9.75,9.75,10.0,129.48,129.24,129.24,129.24,129.24,129.25,2.023200759223953,0.6125485224011351,0.025384841482445353,-0.8012912800266947,0.3398643794862988,1.8121298631952998,898902.3803,869998.2226,747132.8223,775367.3865,785020.5312,810774.7054
2026-01-01,4.4,66.38,9.0,129.02,6033698.724,893668.8865,0.07221506262982125,1,62.62,63.8,64.54,67.99,67.86,71.04,9.25,9.25,9.5,9.5,9.75,9.75,129.13,129.48,129.24,129.24,129.24,129.24,1.9566756954466191,2.023200759223953,0.6125485224011351,0.025384841482445353,-0.8012912800266947,0.3398643794862988,892546.5707,898902.3803,869998.2226,747132.8223,775367.3865,785020.5312
2026-02-01,4.25,70.89,9.0,129.02,6133923.06,1176753.921,1.6610762416980007,2,66.38,62.62,63.8,64.54,67.99,67.86,9.0,9.25,9.25,9.5,9.5,9.75,129.02,129.13,129.48,129.24,129.24,129.24,0.07221506262982125,1.9566756954466191,2.023200759223953,0.6125485224011351,0.025384841482445353,-0.8012912800266947,893668.8865,892546.5707,898902.3803,869998.2226,747132.8223,775367.3865
